,Question,Reviewer,LLM,Accuracy,Relevance,Comprehensive,Hallucination,Ready.to.use,Rank
1,1,1,ChatGPT.o1_preview,3,3,3,0,0,4
2,1,2,ChatGPT.o1_preview,2,3,2,0,0,4
3,1,3,ChatGPT.o1_preview,2,3,3,0,0,1
4,1,1,Gemini.1.5.Pro,2,2,2,0,0,1
5,1,2,Gemini.1.5.Pro,1,2,2,0,0,5
6,1,3,Gemini.1.5.Pro,1,1,2,1,0,5
7,1,1,Claude.3.5.Sonnet,3,3,2,0,0,3
8,1,2,Claude.3.5.Sonnet,3,2,3,0,0,2
9,1,3,Claude.3.5.Sonnet,2,2,2,0,0,4
10,1,1,Myelo,3,3,2,0,0,5
11,1,2,Myelo,3,3,3,0,0,3
12,1,3,Myelo,2,3,2,0,0,3
13,1,1,HopeAI,4,4,3,0,1,2
14,1,2,HopeAI,3,3,3,0,0,1
15,1,3,HopeAI,2,2,2,0,0,2
16,2,1,ChatGPT.o1_preview,2,2,1,1,0,2
17,2,2,ChatGPT.o1_preview,3,3,3,0,0,3
18,2,3,ChatGPT.o1_preview,2,2,3,1,0,5
19,2,1,Gemini.1.5.Pro,2,2,1,0,0,5
20,2,2,Gemini.1.5.Pro,3,2,3,0,0,5
21,2,3,Gemini.1.5.Pro,2,3,2,0,0,3
22,2,1,Claude.3.5.Sonnet,2,2,1,0,0,4
23,2,2,Claude.3.5.Sonnet,3,3,3,0,0,4
24,2,3,Claude.3.5.Sonnet,2,2,3,1,0,4
25,2,1,Myelo,2,2,1,1,0,3
26,2,2,Myelo,3,3,3,0,0,2
27,2,3,Myelo,2,2,2,1,0,2
28,2,1,HopeAI,3,3,4,1,0,1
29,2,2,HopeAI,3,4,3,0,0,1
30,2,3,HopeAI,2,3,3,1,0,1
31,3,1,ChatGPT.o1_preview,3,3,3,0,0,5
32,3,2,ChatGPT.o1_preview,3,2,3,0,0,5
33,3,3,ChatGPT.o1_preview,3,3,2,0,0,5
34,3,1,Gemini.1.5.Pro,3,3,3,0,0,4
35,3,2,Gemini.1.5.Pro,3,3,3,0,0,4
36,3,3,Gemini.1.5.Pro,3,3,3,0,1,3
37,3,1,Claude.3.5.Sonnet,4,3,3,0,0,1
38,3,2,Claude.3.5.Sonnet,3,3,3,0,0,3
39,3,3,Claude.3.5.Sonnet,3,3,4,0,1,2
40,3,1,Myelo,3,3,3,0,0,2
41,3,2,Myelo,3,4,4,0,0,2
42,3,3,Myelo,3,3,3,0,1,4
43,3,1,HopeAI,3,3,3,0,0,3
44,3,2,HopeAI,4,4,4,0,0,1
45,3,3,HopeAI,3,3,2,0,1,1
46,4,1,ChatGPT.o1_preview,4,4,3,0,1,2
47,4,2,ChatGPT.o1_preview,4,4,4,0,1,2
48,4,3,ChatGPT.o1_preview,2,3,2,1,0,4
49,4,1,Gemini.1.5.Pro,4,4,1,0,0,4
50,4,2,Gemini.1.5.Pro,4,3,1,0,1,5
51,4,3,Gemini.1.5.Pro,1,1,1,0,0,4
52,4,1,Claude.3.5.Sonnet,4,4,2,0,0,3
53,4,2,Claude.3.5.Sonnet,4,4,4,0,1,1
54,4,3,Claude.3.5.Sonnet,3,3,4,1,0,2
55,4,1,Myelo,1,1,1,0,0,5
56,4,2,Myelo,2,2,2,0,1,4
57,4,3,Myelo,1,1,1,1,0,5
58,4,1,HopeAI,4,4,4,0,1,1
59,4,2,HopeAI,2,3,2,1,0,3
60,4,3,HopeAI,4,4,4,0,1,1
61,5,1,ChatGPT.o1_preview,4,4,4,0,1,2
62,5,2,ChatGPT.o1_preview,4,4,4,0,1,1
63,5,3,ChatGPT.o1_preview,3,3,3,0,0,3
64,5,1,Gemini.1.5.Pro,4,4,4,0,1,4
65,5,2,Gemini.1.5.Pro,4,4,3,0,1,5
66,5,3,Gemini.1.5.Pro,3,2,3,0,0,5
67,5,1,Claude.3.5.Sonnet,4,4,4,0,1,1
68,5,2,Claude.3.5.Sonnet,4,4,4,0,1,2
69,5,3,Claude.3.5.Sonnet,2,3,3,1,0,4
70,5,1,Myelo,3,3,3,0,0,3
71,5,2,Myelo,3,4,4,0,0,3
72,5,3,Myelo,3,3,3,0,1,2
73,5,1,HopeAI,4,3,4,0,0,5
74,5,2,HopeAI,4,4,4,0,1,4
75,5,3,HopeAI,3,3,3,0,1,1
76,6,1,ChatGPT.o1_preview,2,2,2,0,0,3
77,6,2,ChatGPT.o1_preview,2,2,2,0,0,4
78,6,3,ChatGPT.o1_preview,3,2,2,0,0,1
79,6,1,Gemini.1.5.Pro,2,2,2,0,0,5
80,6,2,Gemini.1.5.Pro,3,3,3,0,0,3
81,6,3,Gemini.1.5.Pro,2,2,2,1,0,2
82,6,1,Claude.3.5.Sonnet,2,3,2,0,0,2
83,6,2,Claude.3.5.Sonnet,3,3,3,0,0,5
84,6,3,Claude.3.5.Sonnet,2,2,2,1,0,5
85,6,1,Myelo,3,3,2,0,0,4
86,6,2,Myelo,3,3,3,0,0,1
87,6,3,Myelo,3,2,2,0,0,3
88,6,1,HopeAI,4,4,4,0,0,1
89,6,2,HopeAI,3,3,3,0,0,2
90,6,3,HopeAI,2,3,2,1,0,4
91,7,1,ChatGPT.o1_preview,2,2,2,0,0,2
92,7,2,ChatGPT.o1_preview,3,4,4,0,1,2
93,7,3,ChatGPT.o1_preview,3,3,2,0,0,1
94,7,1,Gemini.1.5.Pro,3,3,3,0,0,4
95,7,2,Gemini.1.5.Pro,2,2,3,0,0,3
96,7,3,Gemini.1.5.Pro,2,1,2,1,0,5
97,7,1,Claude.3.5.Sonnet,2,2,2,0,0,3
98,7,2,Claude.3.5.Sonnet,3,2,3,0,0,4
99,7,3,Claude.3.5.Sonnet,2,3,2,1,0,4
100,7,1,Myelo,2,2,2,0,0,5
101,7,2,Myelo,3,2,3,0,0,5
102,7,3,Myelo,3,2,2,0,0,2
103,7,1,HopeAI,3,3,4,0,0,1
104,7,2,HopeAI,4,4,4,0,1,1
105,7,3,HopeAI,3,2,2,0,0,3
106,8,1,ChatGPT.o1_preview,2,2,2,0,0,5
107,8,2,ChatGPT.o1_preview,4,4,4,0,1,1
108,8,3,ChatGPT.o1_preview,2,3,2,0,0,2
109,8,1,Gemini.1.5.Pro,3,3,2,0,0,1
110,8,2,Gemini.1.5.Pro,3,2,3,0,0,4
111,8,3,Gemini.1.5.Pro,3,1,1,0,0,5
112,8,1,Claude.3.5.Sonnet,3,3,3,0,0,4
113,8,2,Claude.3.5.Sonnet,3,4,4,0,1,2
114,8,3,Claude.3.5.Sonnet,3,2,2,0,0,1
115,8,1,Myelo,3,3,3,0,0,3
116,8,2,Myelo,4,4,4,0,1,3
117,8,3,Myelo,2,3,2,1,0,3
118,8,1,HopeAI,3,3,3,0,1,2
119,8,2,HopeAI,3,3,3,0,0,4
120,8,3,HopeAI,2,2,2,1,0,4
121,9,1,ChatGPT.o1_preview,3,3,3,0,0,2
122,9,2,ChatGPT.o1_preview,3,2,3,0,0,5
123,9,3,ChatGPT.o1_preview,3,2,2,0,0,1
124,9,1,Gemini.1.5.Pro,2,2,2,0,0,4
125,9,2,Gemini.1.5.Pro,3,3,3,0,0,1
126,9,3,Gemini.1.5.Pro,2,2,3,0,0,4
127,9,1,Claude.3.5.Sonnet,2,2,2,0,0,3
128,9,2,Claude.3.5.Sonnet,3,3,3,0,0,2
129,9,3,Claude.3.5.Sonnet,2,2,2,1,0,5
130,9,1,Myelo,2,2,2,0,0,5
131,9,2,Myelo,3,3,3,0,0,4
132,9,3,Myelo,2,3,2,0,0,2
133,9,1,HopeAI,3,3,3,0,0,1
134,9,2,HopeAI,3,3,3,0,0,3
135,9,3,HopeAI,2,2,2,0,0,3
136,10,1,ChatGPT.o1_preview,3,3,3,0,0,3
137,10,2,ChatGPT.o1_preview,4,3,3,0,0,3
138,10,3,ChatGPT.o1_preview,3,3,3,0,1,2
139,10,1,Gemini.1.5.Pro,3,3,3,0,0,2
140,10,2,Gemini.1.5.Pro,3,3,2,0,0,5
141,10,3,Gemini.1.5.Pro,1,1,1,1,0,5
142,10,1,Claude.3.5.Sonnet,4,3,2,0,0,4
143,10,2,Claude.3.5.Sonnet,4,4,4,0,0,1
144,10,3,Claude.3.5.Sonnet,3,2,2,0,0,4
145,10,1,Myelo,4,3,2,0,0,5
146,10,2,Myelo,3,3,3,0,0,4
147,10,3,Myelo,3,3,2,0,0,3
148,10,1,HopeAI,4,4,4,0,0,1
149,10,2,HopeAI,3,4,4,0,0,2
150,10,3,HopeAI,4,3,3,0,1,1
151,11,1,ChatGPT.o1_preview,3,3,2,0,0,2
152,11,2,ChatGPT.o1_preview,3,4,4,0,0,4
153,11,3,ChatGPT.o1_preview,3,2,3,0,0,3
154,11,1,Gemini.1.5.Pro,3,3,2,0,0,3
155,11,2,Gemini.1.5.Pro,4,4,4,0,1,3
156,11,3,Gemini.1.5.Pro,3,3,3,0,1,1
157,11,1,Claude.3.5.Sonnet,2,3,2,1,0,1
158,11,2,Claude.3.5.Sonnet,4,4,4,0,1,1
159,11,3,Claude.3.5.Sonnet,2,3,3,0,0,5
160,11,1,Myelo,3,3,3,0,0,4
161,11,2,Myelo,4,4,4,0,1,4
162,11,3,Myelo,3,3,3,0,1,2
163,11,1,HopeAI,3,3,2,0,0,5
164,11,2,HopeAI,4,4,4,0,1,2
165,11,3,HopeAI,3,2,2,0,0,4
166,12,1,ChatGPT.o1_preview,4,4,3,0,0,2
167,12,2,ChatGPT.o1_preview,4,4,4,0,1,2
168,12,3,ChatGPT.o1_preview,3,3,3,0,1,3
169,12,1,Gemini.1.5.Pro,4,4,2,0,0,1
170,12,2,Gemini.1.5.Pro,4,4,4,0,1,1
171,12,3,Gemini.1.5.Pro,3,3,3,0,1,1
172,12,1,Claude.3.5.Sonnet,4,4,2,0,0,4
173,12,2,Claude.3.5.Sonnet,4,4,4,0,1,3
174,12,3,Claude.3.5.Sonnet,3,3,3,0,0,4
175,12,1,Myelo,4,4,4,0,1,5
176,12,2,Myelo,4,4,4,1,1,5
177,12,3,Myelo,3,3,3,0,1,2
178,12,1,HopeAI,4,4,4,0,1,3
179,12,2,HopeAI,4,4,4,0,1,4
180,12,3,HopeAI,3,3,3,0,0,3
181,13,1,ChatGPT.o1_preview,2,2,2,0,0,3
182,13,2,ChatGPT.o1_preview,4,4,4,0,1,2
183,13,3,ChatGPT.o1_preview,2,2,2,0,0,3
184,13,1,Gemini.1.5.Pro,2,2,2,0,0,5
185,13,2,Gemini.1.5.Pro,3,3,3,0,0,4
186,13,3,Gemini.1.5.Pro,1,1,1,1,0,5
187,13,1,Claude.3.5.Sonnet,2,3,1,0,0,4
188,13,2,Claude.3.5.Sonnet,3,3,3,0,0,5
189,13,3,Claude.3.5.Sonnet,1,2,2,0,0,4
190,13,1,Myelo,4,4,1,0,0,2
191,13,2,Myelo,4,4,4,0,0,3
192,13,3,Myelo,3,3,2,0,0,2
193,13,1,HopeAI,4,4,4,0,1,1
194,13,2,HopeAI,4,4,4,0,1,1
195,13,3,HopeAI,3,3,3,0,1,1
196,14,1,ChatGPT.o1_preview,2,2,2,0,0,2
197,14,2,ChatGPT.o1_preview,4,3,3,0,0,4
198,14,3,ChatGPT.o1_preview,3,2,2,0,0,2
199,14,1,Gemini.1.5.Pro,2,2,2,0,0,3
200,14,2,Gemini.1.5.Pro,4,4,4,0,1,2
201,14,3,Gemini.1.5.Pro,2,2,2,1,0,3
202,14,1,Claude.3.5.Sonnet,2,2,2,0,0,4
203,14,2,Claude.3.5.Sonnet,4,3,3,0,0,3
204,14,3,Claude.3.5.Sonnet,2,3,2,1,0,5
205,14,1,Myelo,2,2,1,0,0,5
206,14,2,Myelo,3,2,3,0,0,5
207,14,3,Myelo,2,2,2,1,0,4
208,14,1,HopeAI,4,4,4,0,1,1
209,14,2,HopeAI,4,4,4,0,1,1
210,14,3,HopeAI,3,3,3,0,0,1
211,15,1,ChatGPT.o1_preview,4,4,3,0,0,2
212,15,2,ChatGPT.o1_preview,4,4,4,0,1,2
213,15,3,ChatGPT.o1_preview,3,3,2,0,1,2
214,15,1,Gemini.1.5.Pro,2,1,1,0,0,3
215,15,2,Gemini.1.5.Pro,3,3,3,0,0,3
216,15,3,Gemini.1.5.Pro,2,2,3,1,0,5
217,15,1,Claude.3.5.Sonnet,1,1,1,1,0,4
218,15,2,Claude.3.5.Sonnet,2,2,2,0,0,5
219,15,3,Claude.3.5.Sonnet,1,1,1,0,0,3
220,15,1,Myelo,1,2,1,0,0,5
221,15,2,Myelo,3,3,3,0,0,4
222,15,3,Myelo,1,1,1,0,0,4
223,15,1,HopeAI,4,4,4,0,1,1
224,15,2,HopeAI,4,4,4,0,1,1
225,15,3,HopeAI,3,3,3,0,1,1
226,16,1,ChatGPT.o1_preview,2,2,2,0,0,4
227,16,2,ChatGPT.o1_preview,4,4,4,0,1,3
228,16,3,ChatGPT.o1_preview,3,3,3,0,1,1
229,16,1,Gemini.1.5.Pro,2,2,2,0,0,5
230,16,2,Gemini.1.5.Pro,3,3,3,0,0,4
231,16,3,Gemini.1.5.Pro,3,2,2,0,0,4
232,16,1,Claude.3.5.Sonnet,2,2,2,0,0,2
233,16,2,Claude.3.5.Sonnet,4,4,4,0,1,2
234,16,3,Claude.3.5.Sonnet,3,2,2,0,0,3
235,16,1,Myelo,2,2,2,0,0,3
236,16,2,Myelo,2,2,2,0,0,5
237,16,3,Myelo,2,2,2,0,0,5
238,16,1,HopeAI,4,4,4,0,1,1
239,16,2,HopeAI,4,4,4,0,1,1
240,16,3,HopeAI,3,3,2,0,0,2
241,17,1,ChatGPT.o1_preview,2,2,2,0,0,5
242,17,2,ChatGPT.o1_preview,3,3,3,0,0,2
243,17,3,ChatGPT.o1_preview,2,2,1,0,0,3
244,17,1,Gemini.1.5.Pro,2,2,2,0,0,2
245,17,2,Gemini.1.5.Pro,2,2,2,0,0,5
246,17,3,Gemini.1.5.Pro,1,1,1,0,0,5
247,17,1,Claude.3.5.Sonnet,2,2,2,0,0,4
248,17,2,Claude.3.5.Sonnet,4,3,3,0,0,4
249,17,3,Claude.3.5.Sonnet,2,3,2,1,0,4
250,17,1,Myelo,2,2,2,0,0,3
251,17,2,Myelo,3,3,3,0,0,3
252,17,3,Myelo,2,2,1,0,0,2
253,17,1,HopeAI,4,4,4,0,1,1
254,17,2,HopeAI,3,3,3,0,0,1
255,17,3,HopeAI,2,3,2,1,0,1
256,18,1,ChatGPT.o1_preview,3,3,3,0,0,1
257,18,2,ChatGPT.o1_preview,4,4,3,0,1,2
258,18,3,ChatGPT.o1_preview,4,3,3,0,0,4
259,18,1,Gemini.1.5.Pro,1,1,1,1,0,5
260,18,2,Gemini.1.5.Pro,4,3,2,0,0,5
261,18,3,Gemini.1.5.Pro,1,1,1,0,0,5
262,18,1,Claude.3.5.Sonnet,3,3,3,0,0,2
263,18,2,Claude.3.5.Sonnet,4,4,3,0,1,3
264,18,3,Claude.3.5.Sonnet,4,3,4,0,1,3
265,18,1,Myelo,3,3,3,0,0,3
266,18,2,Myelo,4,4,3,0,1,4
267,18,3,Myelo,4,4,3,0,0,3
268,18,1,HopeAI,1,1,1,1,0,4
269,18,2,HopeAI,4,4,4,0,1,1
270,18,3,HopeAI,4,4,4,0,1,1
271,19,1,ChatGPT.o1_preview,2,2,2,0,0,3
272,19,2,ChatGPT.o1_preview,4,4,4,0,1,1
273,19,3,ChatGPT.o1_preview,3,3,2,0,0,2
274,19,1,Gemini.1.5.Pro,3,3,3,0,0,1
275,19,2,Gemini.1.5.Pro,3,3,3,0,0,2
276,19,3,Gemini.1.5.Pro,3,3,2,0,0,3
277,19,1,Claude.3.5.Sonnet,2,2,2,1,0,5
278,19,2,Claude.3.5.Sonnet,2,2,3,0,0,5
279,19,3,Claude.3.5.Sonnet,2,2,2,0,0,5
280,19,1,Myelo,3,3,2,1,0,2
281,19,2,Myelo,3,3,3,0,0,4
282,19,3,Myelo,3,2,2,0,0,4
283,19,1,HopeAI,2,2,2,0,0,4
284,19,2,HopeAI,3,3,4,0,0,3
285,19,3,HopeAI,3,3,3,0,0,1
286,20,1,ChatGPT.o1_preview,2,2,2,0,0,3
287,20,2,ChatGPT.o1_preview,3,3,2,0,0,5
288,20,3,ChatGPT.o1_preview,2,2,2,0,0,4
289,20,1,Gemini.1.5.Pro,3,3,3,0,0,2
290,20,2,Gemini.1.5.Pro,3,3,2,0,0,3
291,20,3,Gemini.1.5.Pro,2,2,2,0,0,3
292,20,1,Claude.3.5.Sonnet,3,2,2,0,0,4
293,20,2,Claude.3.5.Sonnet,3,3,3,0,0,2
294,20,3,Claude.3.5.Sonnet,2,2,2,0,0,1
295,20,1,Myelo,2,2,2,0,0,5
296,20,2,Myelo,3,3,2,0,0,4
297,20,3,Myelo,2,2,2,0,0,5
298,20,1,HopeAI,3,3,3,0,1,1
299,20,2,HopeAI,3,4,4,0,0,1
300,20,3,HopeAI,2,2,2,0,0,2
301,21,1,ChatGPT.o1_preview,3,3,2,0,0,2
302,21,2,ChatGPT.o1_preview,3,3,3,0,0,2
303,21,3,ChatGPT.o1_preview,2,2,2,1,0,3
304,21,1,Gemini.1.5.Pro,3,3,3,0,0,3
305,21,2,Gemini.1.5.Pro,3,3,3,0,0,5
306,21,3,Gemini.1.5.Pro,2,2,1,0,0,2
307,21,1,Claude.3.5.Sonnet,3,3,3,0,0,4
308,21,2,Claude.3.5.Sonnet,3,3,3,0,0,4
309,21,3,Claude.3.5.Sonnet,2,2,2,0,0,4
310,21,1,Myelo,2,2,2,0,0,5
311,21,2,Myelo,3,4,3,0,0,3
312,21,3,Myelo,2,2,2,0,0,5
313,21,1,HopeAI,3,3,3,0,1,1
314,21,2,HopeAI,4,4,4,0,1,1
315,21,3,HopeAI,3,3,3,0,1,1
316,22,1,ChatGPT.o1_preview,2,2,2,0,0,3
317,22,2,ChatGPT.o1_preview,3,2,2,0,0,4
318,22,3,ChatGPT.o1_preview,2,2,2,0,0,1
319,22,1,Gemini.1.5.Pro,2,2,2,0,0,2
320,22,2,Gemini.1.5.Pro,3,3,3,0,0,1
321,22,3,Gemini.1.5.Pro,2,2,2,0,0,5
322,22,1,Claude.3.5.Sonnet,2,2,2,0,0,4
323,22,2,Claude.3.5.Sonnet,3,3,3,0,0,3
324,22,3,Claude.3.5.Sonnet,2,2,2,0,0,3
325,22,1,Myelo,2,2,2,0,0,5
326,22,2,Myelo,3,3,2,0,0,5
327,22,3,Myelo,3,2,2,0,0,2
328,22,1,HopeAI,2,2,2,0,0,1
329,22,2,HopeAI,3,3,3,0,0,2
330,22,3,HopeAI,3,2,2,0,0,4
331,23,1,ChatGPT.o1_preview,2,2,2,0,0,3
332,23,2,ChatGPT.o1_preview,3,2,2,0,0,3
333,23,3,ChatGPT.o1_preview,3,2,2,0,0,5
334,23,1,Gemini.1.5.Pro,2,2,2,0,0,4
335,23,2,Gemini.1.5.Pro,2,2,2,0,0,5
336,23,3,Gemini.1.5.Pro,2,2,2,0,0,4
337,23,1,Claude.3.5.Sonnet,2,2,2,1,0,5
338,23,2,Claude.3.5.Sonnet,3,2,2,0,0,4
339,23,3,Claude.3.5.Sonnet,2,3,2,0,0,2
340,23,1,Myelo,3,3,3,0,0,2
341,23,2,Myelo,4,4,3,0,0,2
342,23,3,Myelo,3,2,2,0,0,3
343,23,1,HopeAI,3,3,3,0,0,1
344,23,2,HopeAI,4,4,4,0,1,1
345,23,3,HopeAI,3,3,3,0,0,1
346,24,1,ChatGPT.o1_preview,2,2,2,0,0,5
347,24,2,ChatGPT.o1_preview,4,3,3,0,0,2
348,24,3,ChatGPT.o1_preview,3,3,2,0,0,4
349,24,1,Gemini.1.5.Pro,2,2,2,0,0,2
350,24,2,Gemini.1.5.Pro,3,3,3,0,0,3
351,24,3,Gemini.1.5.Pro,2,3,2,0,0,3
352,24,1,Claude.3.5.Sonnet,2,2,2,0,0,3
353,24,2,Claude.3.5.Sonnet,3,3,3,0,0,4
354,24,3,Claude.3.5.Sonnet,1,2,2,1,0,5
355,24,1,Myelo,2,2,2,0,0,4
356,24,2,Myelo,4,3,3,0,0,5
357,24,3,Myelo,3,3,2,0,0,2
358,24,1,HopeAI,3,3,3,0,0,1
359,24,2,HopeAI,4,4,4,0,1,1
360,24,3,HopeAI,3,3,2,0,0,1
361,25,1,ChatGPT.o1_preview,2,2,2,0,0,5
362,25,2,ChatGPT.o1_preview,4,4,4,0,1,2
363,25,3,ChatGPT.o1_preview,3,3,3,0,0,1
364,25,1,Gemini.1.5.Pro,3,3,3,0,0,3
365,25,2,Gemini.1.5.Pro,4,3,3,0,0,5
366,25,3,Gemini.1.5.Pro,3,3,2,0,0,2
367,25,1,Claude.3.5.Sonnet,2,2,2,0,0,4
368,25,2,Claude.3.5.Sonnet,3,3,3,0,0,3
369,25,3,Claude.3.5.Sonnet,3,3,2,0,0,5
370,25,1,Myelo,3,3,3,0,0,2
371,25,2,Myelo,3,3,3,0,0,4
372,25,3,Myelo,3,3,2,0,0,3
373,25,1,HopeAI,3,3,3,0,1,1
374,25,2,HopeAI,4,4,3,0,0,2
375,25,3,HopeAI,2,2,2,0,0,4
376,26,1,ChatGPT.o1_preview,2,2,2,0,0,4
377,26,2,ChatGPT.o1_preview,3,2,2,0,0,4
378,26,3,ChatGPT.o1_preview,2,3,2,0,0,2
379,26,1,Gemini.1.5.Pro,2,2,2,0,0,3
380,26,2,Gemini.1.5.Pro,3,3,2,0,0,2
381,26,3,Gemini.1.5.Pro,1,1,1,1,0,5
382,26,1,Claude.3.5.Sonnet,3,3,2,0,0,2
383,26,2,Claude.3.5.Sonnet,3,3,2,0,0,3
384,26,3,Claude.3.5.Sonnet,2,2,2,1,0,3
385,26,1,Myelo,2,2,2,0,0,5
386,26,2,Myelo,3,3,3,0,0,5
387,26,3,Myelo,2,2,2,1,0,4
388,26,1,HopeAI,3,3,3,0,0,1
389,26,2,HopeAI,4,4,4,0,1,1
390,26,3,HopeAI,2,3,2,0,0,1
391,27,1,ChatGPT.o1_preview,3,3,2,0,0,1
392,27,2,ChatGPT.o1_preview,4,4,3,0,0,2
393,27,3,ChatGPT.o1_preview,3,2,2,0,0,4
394,27,1,Gemini.1.5.Pro,2,1,1,0,0,5
395,27,2,Gemini.1.5.Pro,3,2,2,0,0,5
396,27,3,Gemini.1.5.Pro,2,1,2,0,0,5
397,27,1,Claude.3.5.Sonnet,2,2,2,0,0,4
398,27,2,Claude.3.5.Sonnet,3,2,2,0,0,4
399,27,3,Claude.3.5.Sonnet,2,3,2,0,0,3
400,27,1,Myelo,3,3,3,0,0,2
401,27,2,Myelo,3,2,2,0,0,3
402,27,3,Myelo,3,3,2,0,0,1
403,27,1,HopeAI,3,3,3,0,0,3
404,27,2,HopeAI,4,4,4,0,1,1
405,27,3,HopeAI,3,3,2,0,0,2
406,28,1,ChatGPT.o1_preview,2,2,2,0,0,5
407,28,2,ChatGPT.o1_preview,3,3,3,0,0,5
408,28,3,ChatGPT.o1_preview,3,3,2,0,0,1
409,28,1,Gemini.1.5.Pro,2,2,2,0,0,2
410,28,2,Gemini.1.5.Pro,3,3,2,0,0,2
411,28,3,Gemini.1.5.Pro,2,2,2,0,0,3
412,28,1,Claude.3.5.Sonnet,2,2,2,0,0,4
413,28,2,Claude.3.5.Sonnet,3,3,2,0,0,3
414,28,3,Claude.3.5.Sonnet,3,3,2,0,0,4
415,28,1,Myelo,2,2,2,0,0,3
416,28,2,Myelo,3,3,3,0,0,4
417,28,3,Myelo,2,3,2,0,0,5
418,28,1,HopeAI,2,2,2,0,0,1
419,28,2,HopeAI,3,4,4,0,0,1
420,28,3,HopeAI,3,3,2,0,0,2
421,29,1,ChatGPT.o1_preview,2,2,2,0,0,3
422,29,2,ChatGPT.o1_preview,3,3,3,0,0,3
423,29,3,ChatGPT.o1_preview,2,3,1,0,0,5
424,29,1,Gemini.1.5.Pro,2,2,2,0,0,5
425,29,2,Gemini.1.5.Pro,3,2,3,0,0,4
426,29,3,Gemini.1.5.Pro,2,3,2,0,0,4
427,29,1,Claude.3.5.Sonnet,2,2,2,0,0,2
428,29,2,Claude.3.5.Sonnet,3,3,3,0,0,2
429,29,3,Claude.3.5.Sonnet,2,3,2,0,0,3
430,29,1,Myelo,2,2,2,0,0,4
431,29,2,Myelo,3,3,3,0,0,5
432,29,3,Myelo,3,3,2,0,0,2
433,29,1,HopeAI,2,3,3,0,0,1
434,29,2,HopeAI,4,4,4,0,1,1
435,29,3,HopeAI,3,3,3,0,1,1
436,30,1,ChatGPT.o1_preview,3,3,3,0,0,1
437,30,2,ChatGPT.o1_preview,4,3,3,0,0,2
438,30,3,ChatGPT.o1_preview,3,3,1,0,0,2
439,30,1,Gemini.1.5.Pro,2,2,2,0,0,5
440,30,2,Gemini.1.5.Pro,3,3,2,0,0,4
441,30,3,Gemini.1.5.Pro,2,2,1,0,0,5
442,30,1,Claude.3.5.Sonnet,2,2,2,0,0,2
443,30,2,Claude.3.5.Sonnet,3,3,2,0,0,5
444,30,3,Claude.3.5.Sonnet,2,2,2,0,0,3
445,30,1,Myelo,2,2,2,0,0,4
446,30,2,Myelo,3,2,2,0,0,3
447,30,3,Myelo,2,2,2,0,0,4
448,30,1,HopeAI,2,2,2,0,0,3
449,30,2,HopeAI,4,4,4,0,1,1
450,30,3,HopeAI,2,3,2,0,0,1
451,31,1,ChatGPT.o1_preview,3,3,3,0,0,1
452,31,2,ChatGPT.o1_preview,3,3,3,0,0,3
453,31,3,ChatGPT.o1_preview,3,3,2,0,1,1
454,31,1,Gemini.1.5.Pro,2,2,2,0,0,5
455,31,2,Gemini.1.5.Pro,3,3,2,0,0,5
456,31,3,Gemini.1.5.Pro,2,3,2,0,0,4
457,31,1,Claude.3.5.Sonnet,2,2,2,0,0,3
458,31,2,Claude.3.5.Sonnet,3,3,3,0,0,2
459,31,3,Claude.3.5.Sonnet,3,3,2,0,0,2
460,31,1,Myelo,2,2,2,0,0,4
461,31,2,Myelo,3,3,3,0,0,4
462,31,3,Myelo,2,3,1,0,0,5
463,31,1,HopeAI,2,3,3,0,0,2
464,31,2,HopeAI,4,4,4,0,0,1
465,31,3,HopeAI,2,3,3,0,0,3
466,32,1,ChatGPT.o1_preview,2,2,2,0,0,3
467,32,2,ChatGPT.o1_preview,3,3,3,0,0,2
468,32,3,ChatGPT.o1_preview,3,2,1,0,0,2
469,32,1,Gemini.1.5.Pro,2,2,3,0,0,4
470,32,2,Gemini.1.5.Pro,3,3,3,0,0,4
471,32,3,Gemini.1.5.Pro,3,2,1,0,0,5
472,32,1,Claude.3.5.Sonnet,2,2,2,0,0,2
473,32,2,Claude.3.5.Sonnet,3,2,2,0,0,5
474,32,3,Claude.3.5.Sonnet,2,3,1,0,0,4
475,32,1,Myelo,2,2,2,0,0,5
476,32,2,Myelo,3,3,2,0,0,3
477,32,3,Myelo,3,3,1,0,0,3
478,32,1,HopeAI,3,3,3,0,0,1
479,32,2,HopeAI,4,4,4,0,1,1
480,32,3,HopeAI,3,3,2,0,0,1
481,33,1,ChatGPT.o1_preview,3,3,2,0,0,4
482,33,2,ChatGPT.o1_preview,3,3,2,0,0,2
483,33,3,ChatGPT.o1_preview,2,3,2,0,0,2
484,33,1,Gemini.1.5.Pro,3,3,3,0,0,2
485,33,2,Gemini.1.5.Pro,2,2,1,0,0,5
486,33,3,Gemini.1.5.Pro,2,2,1,0,0,4
487,33,1,Claude.3.5.Sonnet,1,1,1,0,0,5
488,33,2,Claude.3.5.Sonnet,2,2,2,0,0,4
489,33,3,Claude.3.5.Sonnet,2,3,2,0,0,5
490,33,1,Myelo,3,3,3,0,0,3
491,33,2,Myelo,3,3,2,0,0,3
492,33,3,Myelo,2,3,2,0,0,3
493,33,1,HopeAI,3,4,3,0,1,1
494,33,2,HopeAI,4,4,4,0,1,1
495,33,3,HopeAI,3,3,3,0,0,1
496,34,1,ChatGPT.o1_preview,3,2,3,0,0,2
497,34,2,ChatGPT.o1_preview,3,3,3,0,0,1
498,34,3,ChatGPT.o1_preview,3,3,1,0,0,1
499,34,1,Gemini.1.5.Pro,2,2,2,0,0,5
500,34,2,Gemini.1.5.Pro,2,2,2,0,0,3
501,34,3,Gemini.1.5.Pro,2,3,1,0,0,3
502,34,1,Claude.3.5.Sonnet,2,2,2,0,0,3
503,34,2,Claude.3.5.Sonnet,2,2,2,0,0,5
504,34,3,Claude.3.5.Sonnet,2,2,1,0,0,5
505,34,1,Myelo,2,2,2,0,0,4
506,34,2,Myelo,3,3,3,0,0,4
507,34,3,Myelo,2,2,1,0,0,4
508,34,1,HopeAI,3,3,3,0,0,1
509,34,2,HopeAI,3,2,3,0,0,2
510,34,3,HopeAI,3,2,2,0,0,2
511,35,1,ChatGPT.o1_preview,2,2,2,0,0,3
512,35,2,ChatGPT.o1_preview,3,3,2,0,0,2
513,35,3,ChatGPT.o1_preview,3,3,2,0,0,5
514,35,1,Gemini.1.5.Pro,2,2,2,0,0,5
515,35,2,Gemini.1.5.Pro,2,2,2,1,0,5
516,35,3,Gemini.1.5.Pro,2,2,2,0,0,2
517,35,1,Claude.3.5.Sonnet,3,3,3,0,0,2
518,35,2,Claude.3.5.Sonnet,3,3,2,0,0,4
519,35,3,Claude.3.5.Sonnet,3,2,2,0,0,4
520,35,1,Myelo,2,2,2,0,0,4
521,35,2,Myelo,3,3,2,0,0,3
522,35,3,Myelo,3,2,2,0,0,3
523,35,1,HopeAI,3,3,3,0,0,1
524,35,2,HopeAI,4,4,3,0,0,1
525,35,3,HopeAI,2,3,3,0,0,1
526,36,1,ChatGPT.o1_preview,2,2,2,0,0,2
527,36,2,ChatGPT.o1_preview,3,3,2,0,0,3
528,36,3,ChatGPT.o1_preview,3,2,2,0,0,5
529,36,1,Gemini.1.5.Pro,2,2,2,0,0,4
530,36,2,Gemini.1.5.Pro,3,3,2,0,0,4
531,36,3,Gemini.1.5.Pro,2,3,2,0,0,2
532,36,1,Claude.3.5.Sonnet,2,2,2,0,0,3
533,36,2,Claude.3.5.Sonnet,3,3,4,0,0,2
534,36,3,Claude.3.5.Sonnet,3,3,2,0,0,3
535,36,1,Myelo,2,2,2,0,0,5
536,36,2,Myelo,3,3,3,0,0,5
537,36,3,Myelo,3,2,2,0,0,4
538,36,1,HopeAI,3,4,4,0,0,1
539,36,2,HopeAI,4,4,4,0,1,1
540,36,3,HopeAI,3,3,2,0,0,1
541,37,1,ChatGPT.o1_preview,2,2,2,0,0,4
542,37,2,ChatGPT.o1_preview,3,2,2,0,0,4
543,37,3,ChatGPT.o1_preview,2,2,1,0,0,4
544,37,1,Gemini.1.5.Pro,2,2,2,0,0,5
545,37,2,Gemini.1.5.Pro,3,3,3,0,0,5
546,37,3,Gemini.1.5.Pro,2,2,1,0,0,5
547,37,1,Claude.3.5.Sonnet,2,2,2,0,0,2
548,37,2,Claude.3.5.Sonnet,3,3,3,0,0,3
549,37,3,Claude.3.5.Sonnet,3,3,3,0,0,1
550,37,1,Myelo,2,2,2,0,0,3
551,37,2,Myelo,3,3,3,0,0,2
552,37,3,Myelo,3,3,2,0,0,2
553,37,1,HopeAI,3,3,3,0,0,1
554,37,2,HopeAI,3,3,3,0,0,1
555,37,3,HopeAI,3,2,2,0,0,3
556,38,1,ChatGPT.o1_preview,2,2,1,0,0,4
557,38,2,ChatGPT.o1_preview,3,2,2,0,0,2
558,38,3,ChatGPT.o1_preview,2,2,1,0,0,4
559,38,1,Gemini.1.5.Pro,2,2,1,0,0,5
560,38,2,Gemini.1.5.Pro,3,3,1,0,0,5
561,38,3,Gemini.1.5.Pro,3,3,2,0,1,1
562,38,1,Claude.3.5.Sonnet,2,2,2,0,0,3
563,38,2,Claude.3.5.Sonnet,3,3,2,0,0,3
564,38,3,Claude.3.5.Sonnet,2,3,2,0,0,5
565,38,1,Myelo,2,2,2,0,0,2
566,38,2,Myelo,3,2,2,0,0,4
567,38,3,Myelo,3,2,2,0,0,3
568,38,1,HopeAI,3,3,3,0,0,1
569,38,2,HopeAI,3,3,3,0,0,1
570,38,3,HopeAI,3,3,3,0,1,1
571,39,1,ChatGPT.o1_preview,2,2,2,0,0,3
572,39,2,ChatGPT.o1_preview,3,2,2,0,0,3
573,39,3,ChatGPT.o1_preview,3,3,2,0,0,1
574,39,1,Gemini.1.5.Pro,2,2,2,0,0,4
575,39,2,Gemini.1.5.Pro,2,2,1,0,0,5
576,39,3,Gemini.1.5.Pro,3,2,1,0,0,5
577,39,1,Claude.3.5.Sonnet,2,2,2,0,0,5
578,39,2,Claude.3.5.Sonnet,3,3,2,0,0,2
579,39,3,Claude.3.5.Sonnet,2,2,2,0,0,3
580,39,1,Myelo,2,2,1,0,0,2
581,39,2,Myelo,2,2,2,0,0,4
582,39,3,Myelo,2,3,2,0,0,4
583,39,1,HopeAI,3,3,3,0,0,1
584,39,2,HopeAI,4,4,4,0,1,1
585,39,3,HopeAI,2,2,2,0,0,2
586,40,1,ChatGPT.o1_preview,3,3,3,0,0,1
587,40,2,ChatGPT.o1_preview,3,3,2,0,0,3
588,40,3,ChatGPT.o1_preview,2,1,3,1,0,5
589,40,1,Gemini.1.5.Pro,3,3,2,0,0,2
590,40,2,Gemini.1.5.Pro,2,3,3,1,0,5
591,40,3,Gemini.1.5.Pro,3,3,2,0,0,2
592,40,1,Claude.3.5.Sonnet,2,2,1,0,0,5
593,40,2,Claude.3.5.Sonnet,3,2,2,0,0,4
594,40,3,Claude.3.5.Sonnet,3,3,2,0,0,3
595,40,1,Myelo,2,2,1,0,0,3
596,40,2,Myelo,4,3,3,0,0,2
597,40,3,Myelo,2,2,2,0,0,4
598,40,1,HopeAI,2,2,1,0,0,4
599,40,2,HopeAI,4,4,4,0,1,1
600,40,3,HopeAI,3,3,3,0,0,1
601,41,1,ChatGPT.o1_preview,3,3,3,0,0,2
602,41,2,ChatGPT.o1_preview,3,2,2,0,0,3
603,41,3,ChatGPT.o1_preview,3,3,3,0,0,1
604,41,1,Gemini.1.5.Pro,3,3,3,0,0,3
605,41,2,Gemini.1.5.Pro,3,3,2,0,0,4
606,41,3,Gemini.1.5.Pro,3,2,2,0,0,5
607,41,1,Claude.3.5.Sonnet,2,2,2,0,0,5
608,41,2,Claude.3.5.Sonnet,3,2,2,0,0,5
609,41,3,Claude.3.5.Sonnet,3,3,2,0,0,2
610,41,1,Myelo,3,3,3,0,0,4
611,41,2,Myelo,3,3,3,0,0,2
612,41,3,Myelo,2,2,2,0,0,3
613,41,1,HopeAI,3,3,4,0,1,1
614,41,2,HopeAI,4,4,4,0,1,1
615,41,3,HopeAI,3,3,2,0,0,4
616,42,1,ChatGPT.o1_preview,2,2,2,0,0,5
617,42,2,ChatGPT.o1_preview,3,2,2,0,0,4
618,42,3,ChatGPT.o1_preview,2,2,2,0,0,2
619,42,1,Gemini.1.5.Pro,3,3,2,0,0,2
620,42,2,Gemini.1.5.Pro,3,3,3,0,0,2
621,42,3,Gemini.1.5.Pro,2,2,1,0,0,5
622,42,1,Claude.3.5.Sonnet,2,2,2,0,0,3
623,42,2,Claude.3.5.Sonnet,3,3,3,0,0,1
624,42,3,Claude.3.5.Sonnet,2,2,1,0,0,3
625,42,1,Myelo,2,2,2,0,0,4
626,42,2,Myelo,3,3,2,0,0,5
627,42,3,Myelo,2,2,1,0,0,4
628,42,1,HopeAI,3,3,3,0,0,1
629,42,2,HopeAI,4,3,3,0,0,3
630,42,3,HopeAI,2,3,2,0,0,1
631,43,1,ChatGPT.o1_preview,3,3,3,0,0,2
632,43,2,ChatGPT.o1_preview,3,2,2,0,0,5
633,43,3,ChatGPT.o1_preview,2,3,2,0,0,1
634,43,1,Gemini.1.5.Pro,3,3,3,0,0,3
635,43,2,Gemini.1.5.Pro,3,3,3,0,0,1
636,43,3,Gemini.1.5.Pro,2,2,3,1,0,5
637,43,1,Claude.3.5.Sonnet,3,3,2,0,0,4
638,43,2,Claude.3.5.Sonnet,3,2,2,0,0,4
639,43,3,Claude.3.5.Sonnet,2,2,2,0,0,3
640,43,1,Myelo,3,3,2,0,0,5
641,43,2,Myelo,3,3,3,0,0,3
642,43,3,Myelo,3,2,2,0,0,4
643,43,1,HopeAI,3,3,3,0,0,1
644,43,2,HopeAI,4,3,3,0,0,2
645,43,3,HopeAI,3,2,1,0,0,2
646,44,1,ChatGPT.o1_preview,2,2,2,0,0,3
647,44,2,ChatGPT.o1_preview,3,2,2,0,0,5
648,44,3,ChatGPT.o1_preview,2,2,1,0,0,4
649,44,1,Gemini.1.5.Pro,2,3,1,0,0,5
650,44,2,Gemini.1.5.Pro,3,2,1,0,0,4
651,44,3,Gemini.1.5.Pro,2,1,1,0,0,5
652,44,1,Claude.3.5.Sonnet,2,2,2,0,0,4
653,44,2,Claude.3.5.Sonnet,2,2,2,0,0,3
654,44,3,Claude.3.5.Sonnet,2,2,2,0,0,2
655,44,1,Myelo,2,3,2,0,0,2
656,44,2,Myelo,3,3,3,0,0,2
657,44,3,Myelo,2,3,2,0,0,3
658,44,1,HopeAI,4,4,3,0,0,1
659,44,2,HopeAI,4,4,4,0,1,1
660,44,3,HopeAI,3,3,3,1,0,1
661,45,1,ChatGPT.o1_preview,3,3,2,0,0,3
662,45,2,ChatGPT.o1_preview,3,3,2,0,0,3
663,45,3,ChatGPT.o1_preview,2,2,1,0,0,3
664,45,1,Gemini.1.5.Pro,2,2,1,0,0,5
665,45,2,Gemini.1.5.Pro,3,3,1,0,0,4
666,45,3,Gemini.1.5.Pro,2,2,1,0,0,5
667,45,1,Claude.3.5.Sonnet,2,2,2,0,0,2
668,45,2,Claude.3.5.Sonnet,3,3,2,0,0,2
669,45,3,Claude.3.5.Sonnet,2,2,1,0,0,4
670,45,1,Myelo,2,2,2,0,0,4
671,45,2,Myelo,3,3,2,0,0,5
672,45,3,Myelo,2,3,1,0,0,2
673,45,1,HopeAI,3,3,2,0,0,1
674,45,2,HopeAI,4,4,4,0,1,1
675,45,3,HopeAI,3,3,2,0,0,1
676,46,1,ChatGPT.o1_preview,3,3,2,0,0,1
677,46,2,ChatGPT.o1_preview,3,3,2,0,0,2
678,46,3,ChatGPT.o1_preview,2,3,1,0,0,5
679,46,1,Gemini.1.5.Pro,2,2,1,0,0,5
680,46,2,Gemini.1.5.Pro,3,3,3,0,0,4
681,46,3,Gemini.1.5.Pro,3,3,2,0,0,2
682,46,1,Claude.3.5.Sonnet,3,3,2,0,0,3
683,46,2,Claude.3.5.Sonnet,3,3,2,0,0,5
684,46,3,Claude.3.5.Sonnet,2,2,1,0,0,3
685,46,1,Myelo,2,2,2,0,0,4
686,46,2,Myelo,3,3,2,0,0,3
687,46,3,Myelo,2,2,2,0,0,1
688,46,1,HopeAI,3,3,2,0,0,2
689,46,2,HopeAI,3,3,3,0,0,1
690,46,3,HopeAI,1,3,2,0,0,4
691,47,1,ChatGPT.o1_preview,3,3,1,0,0,2
692,47,2,ChatGPT.o1_preview,3,3,3,0,0,4
693,47,3,ChatGPT.o1_preview,2,3,1,0,0,2
694,47,1,Gemini.1.5.Pro,2,2,2,0,0,3
695,47,2,Gemini.1.5.Pro,3,3,1,0,0,5
696,47,3,Gemini.1.5.Pro,2,1,1,0,0,5
697,47,1,Claude.3.5.Sonnet,2,2,2,0,0,5
698,47,2,Claude.3.5.Sonnet,2,2,2,1,0,2
699,47,3,Claude.3.5.Sonnet,2,2,1,0,0,4
700,47,1,Myelo,2,2,2,0,0,4
701,47,2,Myelo,2,2,2,0,0,3
702,47,3,Myelo,2,3,1,0,0,3
703,47,1,HopeAI,3,3,3,0,0,1
704,47,2,HopeAI,4,4,4,0,1,1
705,47,3,HopeAI,3,3,3,0,0,1
706,48,1,ChatGPT.o1_preview,2,2,1,0,0,3
707,48,2,ChatGPT.o1_preview,3,3,2,0,0,4
708,48,3,ChatGPT.o1_preview,1,2,1,0,0,4
709,48,1,Gemini.1.5.Pro,2,2,2,0,0,5
710,48,2,Gemini.1.5.Pro,3,3,2,0,0,3
711,48,3,Gemini.1.5.Pro,2,1,1,0,0,5
712,48,1,Claude.3.5.Sonnet,3,3,2,0,0,1
713,48,2,Claude.3.5.Sonnet,3,3,3,0,0,2
714,48,3,Claude.3.5.Sonnet,3,3,2,0,0,1
715,48,1,Myelo,3,3,2,0,0,2
716,48,2,Myelo,3,3,2,0,0,4
717,48,3,Myelo,2,2,1,0,0,3
718,48,1,HopeAI,2,2,2,0,0,4
719,48,2,HopeAI,3,4,4,0,0,1
720,48,3,HopeAI,2,1,2,0,0,2
721,49,1,ChatGPT.o1_preview,2,2,2,0,0,2
722,49,2,ChatGPT.o1_preview,3,3,2,0,0,2
723,49,3,ChatGPT.o1_preview,2,2,1,0,0,5
724,49,1,Gemini.1.5.Pro,2,2,2,0,0,3
725,49,2,Gemini.1.5.Pro,3,3,3,0,0,3
726,49,3,Gemini.1.5.Pro,2,2,1,0,0,4
727,49,1,Claude.3.5.Sonnet,2,2,2,0,0,4
728,49,2,Claude.3.5.Sonnet,3,3,2,0,0,5
729,49,3,Claude.3.5.Sonnet,2,2,1,0,0,3
730,49,1,Myelo,2,2,2,0,0,5
731,49,2,Myelo,3,3,2,0,0,4
732,49,3,Myelo,3,2,2,0,0,2
733,49,1,HopeAI,3,3,3,0,0,1
734,49,2,HopeAI,4,4,4,0,1,1
735,49,3,HopeAI,2,2,3,0,0,1
736,50,1,ChatGPT.o1_preview,2,2,2,0,0,4
737,50,2,ChatGPT.o1_preview,4,3,2,0,0,4
738,50,3,ChatGPT.o1_preview,3,3,2,0,0,2
739,50,1,Gemini.1.5.Pro,2,2,2,0,0,5
740,50,2,Gemini.1.5.Pro,3,3,2,0,0,5
741,50,3,Gemini.1.5.Pro,2,1,1,0,0,5
742,50,1,Claude.3.5.Sonnet,2,2,2,0,0,3
743,50,2,Claude.3.5.Sonnet,3,3,3,0,0,3
744,50,3,Claude.3.5.Sonnet,2,3,2,0,0,5
745,50,1,Myelo,2,2,2,0,0,2
746,50,2,Myelo,3,3,3,0,0,1
747,50,3,Myelo,3,3,1,0,0,3
748,50,1,HopeAI,3,3,3,0,0,1
749,50,2,HopeAI,3,3,3,0,0,2
750,50,3,HopeAI,3,3,3,0,0,1